id,Dothistroma_septosporum,Coleosporium_tussilaginis,Cyclaneusma_minus,Gremmenia_infestans,Gremmeniella_abietina,Lophodermella_conjuncta,Lophodermium_conigenum,Lophodermium_seditiosum,Pachyramichloridium_pini,Rhizosphaera_kalkhoffii,Sirococcus_piceicola
7050,0.005465327,0,0,2.11152E-05,0,7.03841E-05,0.000295613,0,0,6.33457E-05,0
7230,0.295952297,0,0,9.6595E-05,0,0.011127004,0.001367191,0,0,0.000345513,0
7329,0.107648184,0,0,0,0,0,0.001203464,5.62366E-05,0,6.18603E-05,0
7049,0.009171327,0,0,0,0,1.23937E-05,0.000167315,0,0,0,0
7464,0.122232081,0,0,0.000107255,0,0.000268138,0.001735586,0.00010238,0,0.017160854,0
7032,0.14924378,0,0,4.59825E-05,0,3.44869E-05,0.000387019,0,0.000157107,0,0
7439,0.125517797,0,0,2.01576E-05,0,0,0.000268768,0,0,0.000819741,0
7592,0.089202521,0,0,0.000116972,0,5.68148E-05,0.000297442,0.000100261,0,0,0
7611,0.098294286,0,0,0.000252207,0,0,0.002203491,0.000119466,0,0.001712351,0
7174,0.110349178,0.000190483,0,3.74721E-05,0,0.000103048,0.001423941,5.30855E-05,0,0.000418439,0
7184,0.035474223,0,0,2.78806E-05,0,3.04152E-05,0.000390328,1.77422E-05,7.60379E-06,7.85725E-05,0
7453,0.070628647,0.000209131,0,0,0,0.007094757,0.001955372,0,0,5.22827E-05,0
7541,0.141260103,1.57012E-05,0,0,0,7.85062E-05,0.002182472,0,0,0.001067684,0
7099,0.29060928,0,0,0.000134499,0,0.000376597,0.003609953,0,0,0.000145259,0
7142,0.025725127,0,0,0.000228997,0,0,0.001254197,4.22763E-05,0,0.002268828,0
7346,0.14713432,0,0,0.000114637,0,3.98738E-05,0.000956971,0,9.96845E-05,0.002586813,0
7660,0.102128749,0,0,5.31342E-05,0,0.000999889,0.000560324,0,0,0.000188385,0
7232,0.212869219,0,0,7.04057E-05,0,0.002539298,0.002576848,1.87748E-05,0,0.000211217,0
7238,0.17087975,0,0,4.67579E-05,0,2.3379E-05,0.002510316,0.00012274,0,0.000976072,0
7409,0.125743622,0,0,0,0,0.00020166,0.000789836,7.98239E-05,0,0.000226868,0
7504,0.051292409,0,0,4.20774E-05,0,0,3.78697E-05,0,0,0.004506495,0
7039,0.096505599,0,0,0,0,0.000594388,0.000569414,0,0,0.000264727,0
7055,0.151661541,0,0,0,0,0.008690564,0.001438052,0.005702404,0,0.000610083,0
7542,0.042208848,0,0,0,0,5.80909E-05,0.000755182,0.000121991,0,0.000261409,0
7590,0.081005495,0,0,0.000167637,0,0.007322877,0.000294387,0.000114484,0,0.001745879,0
7126,0.053242781,0,0,1.55529E-05,0,0.000176266,0.000404376,0,0,0.00010887,0
7657,0.323035697,0,0,4.06011E-05,0,0,0.000793977,0,0,0.18390032,0
7171,0.040350242,0,0,5.49544E-05,0,1.37386E-05,0.001731062,0,0,0.000664032,0
7326,0.177471006,0,0,3.1016E-05,0,7.49553E-05,0.004267286,2.06773E-05,0,0.000338591,0
7412,0.194042529,0,0,0,0,2.3995E-05,0.000575879,2.8794E-05,0,6.23869E-05,0
7600,0.202147506,0,0,0,0,0.001919139,0.000327004,0,0,0.0003002,0
7181,0.027432856,0,0,1.98358E-05,0,0.000103587,0.00018293,8.81589E-06,0.00016089,0.000158686,0
7224,0.149886359,0,0,0,0,2.14417E-05,0.003250568,0,0,0.000304473,0
7227,0.168358106,0,0,0,0,0.001864035,0.001107124,0,0,0.000154395,0
7268,0.029933982,0,0,2.18087E-05,0,3.11553E-05,0.001563994,2.18087E-05,0,8.72348E-05,0
7069,0.161018266,0.000580209,0,0,0,4.14435E-05,0.000973922,7.77065E-05,0,0.001093072,0
7141,0.120357361,0,0,8.54113E-05,0,1.70823E-05,0.000990771,2.56234E-05,0,0.000251963,0
7500,0.253908828,0,0,0.000125211,0,1.60986E-05,0.001758324,0,0,0.031168669,0
7510,0.365436169,0,0,6.03777E-05,0,0,0.000525286,4.22644E-05,0,0.0044438,0
7156,0.254021025,0,0,3.59239E-05,0,0,0.007831406,0,0,0.127007247,0
7237,0.1831684,0,0,9.57493E-05,0,0,0.00112083,2.81616E-05,0,0.005328167,0
7245,0.312806507,0,0,1.7329E-05,0,1.03974E-05,0.001043208,5.19871E-05,0,0.001701712,0
7514,0.37144074,0,0,0,0,0,0.000925886,0,0,0.004086243,0
7003,0.093435306,5.13039E-05,0,8.42849E-05,0,3.2981E-05,0.002447927,0,0,0.000106272,0
7267,0.002274537,2.53784E-05,0,4.44122E-05,0,0,0.000329919,0,0,0,0
7607,0.144837609,0,0,0,0,0,0.001332184,0,0,0.025190388,0
7663,0.080133295,0,0,0.000160652,0,0.000270814,0.000523267,0,0,0.000160652,0
7132,0.216842131,0,0,0,0,0,0.04213208,2.88097E-05,0,0.000930141,8.23133E-06
7146,0.044640481,0,0,4.43502E-05,0,0,0.015627394,0.000161273,0,0.000423343,0
7334,0.195671352,9.21689E-05,0,0,0,0,0.000454261,3.62092E-05,0.000105336,0.000148129,0
7509,0.150758502,9.05674E-06,0,0,0,0,0.001544174,2.71702E-05,0,0.00066567,0
7019,0.07754781,0,0,7.37427E-05,0,0,0.000958655,7.37427E-05,0,0.000294971,0
7378,0.110704386,0,0,3.07977E-05,0,1.75987E-05,0.001350697,0,0,0.101399094,0
7455,0.110469428,0,0,0,0,0,0.00060791,2.83691E-05,0,0.000141846,0
7585,0.084340603,5.65264E-05,0,0,0,1.25614E-05,0.000986073,0.000160158,0,0,0
7357,0.103920081,0,0,3.50747E-05,0,0.002216086,0.00022958,0,0,5.10178E-05,0
7396,0.117493005,0,0,0.000195503,0,0.000195503,0.001498853,0.000130335,0,4.88757E-05,0
7534,0.098782469,0,0,5.19361E-05,0,0,0.000356133,0,0,0,0
7633,0.17208967,9.30189E-06,0,6.51133E-05,0,0.000106972,0.000446491,2.79057E-05,0,5.11604E-05,0
7025,0.013962204,0.000310125,0,0.000277133,0,0,0.000607052,0,0,0.000356313,0
7261,0.075977009,0,0,0,0,0.000684988,0.002183721,0.000314167,0,0.000345069,0
7362,0.057842352,0,0,2.49274E-05,0,1.06832E-05,0.00030269,1.78053E-05,0,1.42443E-05,0
7628,0.02559388,0,0,2.65619E-05,0,2.95132E-05,0.000365964,0,0,0.003033961,0
7101,0.068318924,0,0,6.63697E-05,0,1.74657E-05,0.001802463,0.000199109,0,0.000461095,0
7429,0.025515746,0,0,0.000106216,0,7.53789E-05,0.00051052,0.000267252,0,4.11157E-05,0
7594,0.102576874,0,0,5.59085E-05,0,5.59085E-05,0.00649047,0.000106734,0,0.001285896,0
7035,0.108716313,0,0,0.000106589,0,5.77357E-05,0.001008154,1.33236E-05,0,0,0
7173,0.093688801,0,0,0,0,0.000130164,0.002159546,5.32491E-05,0,0.000177497,0
7284,0.106544609,2.07699E-05,0,4.67324E-05,0,0,0.001137154,6.23098E-05,0,0.008401441,0
7567,0.098210899,0,0,3.29788E-05,0,0.000153901,0.000857449,0,0,0.002610823,0
7366,0.009394276,0,0,2.74152E-05,0,6.09227E-06,0.000539166,3.95997E-05,0,1.21845E-05,0
7506,0.063285838,0,0,0,0,4.98549E-05,0.0105842,0,0,0,0
7581,0.223626499,0,0,2.62815E-05,0,6.42437E-05,0.001635294,0.000119727,0,0.004602185,0
7593,0.090703475,0,0,3.39024E-05,0,0.097440368,0.003051217,4.35888E-05,0,0.001254389,0
7072,0.061431289,5.35863E-05,0,0,0,0,0.000401897,0,0,0,0
7148,0.026099301,0,0,2.90897E-05,0,0,0.0004538,0,0,5.81794E-05,0
7160,0.114742471,0,0,3.39776E-05,0,0,0.000560631,0,0,0,0
7208,0.102332142,0,0,8.66821E-05,0,7.09217E-05,0.000886521,3.54609E-05,0,0.000764378,0
7376,0.025290277,0,0,0,0,5.31643E-06,0.000202024,7.97465E-06,0,0.000430631,0
7382,0.136544746,0,0,0,0,3.68684E-05,0.000376584,1.05338E-05,0,0.000123772,0
7515,0.176732129,0,0,2.7754E-05,0,2.49786E-05,0.000538428,0,0,0.038300565,0
7651,0.056027043,2.52583E-05,0,0,0,0,0.002016452,0,0,7.15651E-05,0
7097,0.035311804,0,0,0.000225681,0,0,0.049100188,1.82001E-05,0,1.82001E-05,0
7218,0.122171488,0,0,0,0,0,0.000919533,2.21193E-05,0,0,0
7406,0.1654338,0,0,0,0,0,0.000376032,0,0,0.000103337,0
7425,0.01517273,1.0743E-05,0,3.22291E-05,0,3.93911E-05,0.000512084,1.7905E-05,0,7.16202E-06,0
7014,0.060292413,0,0,5.25195E-05,0,0,0.000795873,0,0,1.21199E-05,0
7344,0.010074328,0.000313798,0,1.40507E-05,0,9.36711E-06,0.000206076,0,0,3.27849E-05,0
7551,0.136731613,0,0,0,0,6.75468E-06,0.000624808,3.03961E-05,0,5.06601E-05,0
7197,0.130567454,0,0,5.30685E-05,0,0,0.000322202,0,0,0.001254691,0
7434,0.02008305,0,0,5.39287E-05,0,1.07857E-05,0.000866455,8.98812E-05,2.15715E-05,4.67382E-05,0
7574,0.208839662,0,0,3.01661E-05,0,0,0.000834594,2.01107E-05,0,0.000286578,0
7655,0.130482369,2.53688E-05,0,3.98652E-05,0,0,0.000431269,1.08723E-05,0,0.000105099,0
7084,0.025047803,0,0,6.23161E-05,0,0,0.00144639,0.000108233,0,2.29586E-05,0
7522,0.029934915,0,0,3.77913E-05,0,0,0.000281335,0,7.55826E-05,0,0
7544,0.08296811,0,0,7.99968E-05,0,0.000119995,0.000691401,6.28546E-05,0,0.000542835,0
7348,0.128636546,0,0,3.94439E-05,0,7.39574E-06,0.017172905,3.45134E-05,0,0.000621242,0
7431,0.107338304,0,0,3.01289E-05,0,0,0.052259941,0.000391676,0,2.46509E-05,0
7497,0.072952535,0,0,0,0,0,0.000770475,0,0,0.036868639,0
7549,0.143260493,0,0,0,0,0,0.000344574,0,0,0.001244581,0
7445,0.100964583,0,0,0,0,0,0.001041764,1.3844E-05,0,7.61422E-05,0
7619,0.092382558,0,0,0,0,3.81881E-05,0.001238387,4.9099E-05,0,0,0
7642,0.151050006,6.61629E-06,0,0.000122401,0,2.3157E-05,0.00067817,0,0,0.000701327,0
7135,0.090415487,1.74446E-05,0,0,0,1.74446E-05,0.001822963,0.000348892,0,0.000309642,0
7143,0.003303505,0,0,6.32855E-05,0,6.32855E-06,0.000300606,7.59426E-05,6.32855E-06,0,0
7211,0.04209702,6.5944E-05,0,0.000107159,0,0,0.001731031,0,0,0.00016486,0
7671,0.032571685,8.78074E-05,0,0,0,4.39037E-05,0.000195128,0,0,0.000151224,0
7154,0.083393229,0,0,3.65466E-05,0,1.21822E-05,0.001547139,0,0,0.007498142,0
7183,0.064487909,0,0,5.43376E-05,0,0,0.000266254,1.90182E-05,2.17351E-05,0.000597714,0
7648,0.051614534,0,5.4179E-05,0,0,2.70895E-05,0.000216716,0,0,0.000668208,0
7652,0.047439414,0,0,0.000160866,0,0,0.000748027,0,0,0,0
7298,0.007816885,0,0,0.000127004,0,0,0.000467047,2.04845E-05,0,6.96473E-05,0
7320,0.109692694,0,0,7.82216E-05,0,0,0.000667491,2.60739E-05,4.69329E-05,0.001042954,0
7389,0.01088641,0,0,0.000220184,0,0,0.001304167,3.81088E-05,0,0.000512351,0
7469,0.030216703,0,0,0.000102389,0,0,0.000716721,0,0,0.001547876,0
7085,0.221595983,0,0,4.16978E-05,0,0,0.001264833,1.73741E-05,0,0.000545546,0
7128,0.048809072,0,0,6.76115E-05,0,0,0.000544112,0,5.15135E-05,0.000489379,0
7294,0.28558391,0,0,7.2857E-05,0,0.000394961,0.000713231,0,0,0.000107368,0
7368,0.094449571,0,0,0,0,3.39514E-05,0.001030886,2.77784E-05,0,0.000466059,0
7078,0.050261661,0,0,2.20656E-05,0,0,0.000787005,6.25191E-05,0,0.001408518,0
7136,0.203214474,0,0,0,0,0,0.001203143,1.26914E-05,1.01531E-05,0.00091378,0
7276,0.178384954,0,0,1.77595E-05,0,3.55189E-05,0.000963451,0,0,0.003871564,0
7507,0.083688907,0,0,0,0,4.37457E-05,0.000491298,2.01903E-05,0,0.000874914,0
7089,0.02678297,0,0,8.27364E-05,0,0,0.000216691,0,2.3639E-05,7.87966E-05,0
7178,0.185534507,0,0,1.3402E-05,0,0,0.001541235,0.000187629,4.35566E-05,0.000318298,0
7457,0.065765983,0,0,0.000193004,0,7.23764E-05,0.002074789,0.000279855,0,2.89505E-05,0
7367,0.176134105,7.95026E-05,0,0,0,3.97513E-05,0.000683723,0.00029416,0,0.001438998,0
7377,0.224657918,0,0,1.61423E-05,0,0,0.000731785,0,0,0.018299999,0
7501,0.100416442,0,0,0.000136538,0,0,0.000466506,4.55128E-05,0,0.003747222,0
7582,0.180143077,0,0,3.23337E-05,0,1.21251E-05,0.001139762,6.87091E-05,0,0.090667691,0
7100,0.20355359,1.52515E-05,0,3.30448E-05,0,1.77934E-05,0.00185051,9.65926E-05,0,6.10058E-05,0
7275,0.049889447,0,0,9.72293E-05,0,0.000118836,0.000565371,0,0,0.00010083,0
7537,0.11662615,0,0,4.9528E-05,0,0.000701647,0.000998815,0,1.2382E-05,2.06367E-05,0
7589,0.006656887,0,0,2.03264E-05,0,7.79178E-05,0.000345548,8.13055E-05,0,6.43669E-05,0
7087,0.07300247,0,0,0.000101328,0,6.33299E-05,0.000261764,0.000257542,0,0.00027443,0
7112,0.111810781,0,0,0,0,0,0.000731765,0,0,9.62848E-06,0
7638,0.121902008,0,0,6.18439E-05,3.86524E-05,0,0.000819431,0,0,0.000347872,0
7647,0.204074833,0,0,2.0398E-05,0,1.0199E-05,0.001557045,0,0,0.000489551,0
7383,0.334914386,0,0,0,0,0,0.000992033,0,0,0.00150355,0
7483,0.085404895,5.11902E-05,0,0.000126007,0,1.96885E-05,0.001055305,0,0,0.002457128,0
7530,0.211899082,0,0,3.25309E-05,0,8.67491E-05,0.001861491,0,0,0.184862286,0
7555,0.154873577,0,0,0,0,0.000150576,0.000813925,4.47659E-05,0,0.000231969,0
7040,0.252993744,0,0,2.41919E-05,0,0.000169343,0.000996705,0,0,0.023548367,0
7186,0.191130614,1.60736E-05,0,0,0,8.03678E-06,0.000409876,3.61655E-05,5.2239E-05,0.000188864,0
7205,0.043564951,0,0,0,0,0,0.000493626,0,0,3.38763E-05,0
7213,0.101823509,0,0,4.08531E-05,0,8.75424E-06,0.001324809,4.37712E-05,0,0.000145904,0
7423,0.084933714,0,0,7.70078E-05,0,0.001261744,0.000906323,0,0,0.000296184,0
7427,0.058068863,0,0,0,0,0.002430163,0.00198744,0.000149178,0,3.36854E-05,0
7575,0.003836965,0,0,0.000149312,0,0,0.000197925,0,0,5.90302E-05,0
7658,0.145321345,0,0,4.97753E-05,0,0.000212676,0.001257958,4.97753E-05,1.35751E-05,0.001950288,0
7242,0.071516912,2.18414E-05,0,3.27621E-05,0,0,0.000559686,7.37147E-05,0,2.18414E-05,0
7333,0.094374406,5.0681E-05,0,0,0,6.33513E-06,0.006601204,0.003851758,0,5.70162E-05,0
7645,0.015563553,1.5647E-05,0,2.08627E-05,0,7.8235E-05,0.002414854,0,0,0.000104313,0
7002,0.130253701,0,0,0,0,0,0.00127861,0,0,0.000559392,0
7053,0.203198284,0,0,6.30712E-05,0,1.72012E-05,0.000389895,0,0,0.00100914,0
7272,0.013453873,0,0,7.12411E-05,0,0.001485376,0.001731158,1.78103E-05,0,0.000224409,0
7480,0.325015802,0,0,0,0,0.000392653,0.001292881,0,0,0.027480894,0
7236,0.102719693,0,0,6.11167E-05,0,0.000192081,0.001859694,6.98476E-05,0,0.0255817,0
7384,0.111309551,0,0,0,0,1.77885E-05,0.000352212,0.000124519,7.11539E-06,0.000989039,0
7407,0.026316246,0,0,0,0,8.67521E-05,0.001292606,6.50641E-05,0,0.004177113,0
7482,0.068055179,0,0,7.38571E-05,0,0.003101997,0.002150061,5.74444E-05,0,0.000894491,0
7200,0.041619971,0,0,0.000164067,0,7.57232E-06,0.001158564,1.51446E-05,0,0.000116109,0
7210,0.031737174,0,0,2.53654E-05,0,0,0.000664573,3.04385E-05,0,9.13154E-05,0
7297,0.136444064,0,0,7.61668E-05,0,0,0.001581926,8.20258E-05,0,0.003257596,0
7573,0.307936747,0,0,0.000182812,0,1.07537E-05,0.00168295,0,0,0.000236581,0
7107,0.062262084,0,0,0,0,0.001875941,0.000848966,0,0,0.00322242,0
7253,0.301309466,0.000142389,0,0,0,0.000284777,0.002883369,0,0,0.000620407,0
7309,0.095439297,0,0,0,0,0.000111994,0.000707599,0,0,0.113658693,0
7456,0.142468025,0,0,0.000180918,0,0.001371963,0.000924693,0,0,0.000336709,0
7349,0.288669082,0,0,7.22271E-05,0,1.90071E-05,0.00356574,3.80143E-05,3.42129E-05,0.000281306,0
7486,0.1336101,0,0,0,0,0,0.001589403,2.50694E-05,0,0.001108069,0
7595,0.063392437,0,0,7.01096E-05,0,1.33542E-05,0.000540846,1.33542E-05,0,0.001395515,0
7618,0.06732828,0,0,0,0,0,0.000737954,0.000112692,0,0,0
7009,0.043525532,0,0,6.02346E-05,0,0,0.000569217,0.00033129,0,0.000319243,0
7254,0.209443021,0,0,6.43608E-05,0,0,0.000450526,3.43258E-05,0,0.000188792,0
7341,0.118683475,0,0,1.25002E-05,0,0,0.000303131,0,0,0.000837516,0
7420,0.031993604,0,0,0.000315319,0,0.000191444,0.002533812,4.50456E-05,0,0.000315319,0
7145,0.029581314,0,0,0,0,1.72251E-05,0.000361728,0,0,2.29669E-05,0
7391,0.108693604,0,0,4.95955E-05,0,3.47169E-05,0.001200212,0.000297573,0,0.00056043,0
7523,0.23607679,0,5.46338E-05,0.000130281,0,0.001971019,0.001332224,0.000310992,0,0.000479096,0
7665,0.095580237,2.86254E-05,0,0,0,0.000171752,0.000815824,0.000107345,0,0.000887388,0
7202,0.021002124,0,0,5.38198E-05,0,0,0.000356038,0,0,0.000144899,0
7324,0.157996686,0.000109644,0,5.68523E-05,0,4.87306E-05,0.002420285,0,0,0.000467001,0
7352,0.17557862,0,0,0.000135002,0,0,0.002127637,0,0,0.001063818,0
7402,0.048312096,0,0,1.8967E-05,0,9.4835E-06,0.000480497,0,0,0.000929383,0
7115,0.195840506,0,0,0,0,1.61628E-05,0.001192006,0,0,0.00011718,0
7538,0.238179898,0,0,0,0,0.000303281,0.000549043,0,0,0,0
7609,0.113789631,0,0,2.32063E-05,0,1.39238E-05,0.002223161,0,0,0.005012555,0
7623,0.136246414,0,0,1.174E-05,0,3.13066E-05,0.000547866,9.00065E-05,0,0.000207406,0
7358,0.081613561,3.27427E-05,0,1.40326E-05,0,9.35506E-06,0.000916796,0,0,0.001258256,0
7411,0.180474404,0,0,9.35986E-05,0,2.57396E-05,0.011655361,0.000285476,0,0,0
7436,0.070631231,0,0,0,0,4.97228E-05,0.000511434,0,0,0.000866597,0
7620,0.119348779,0,0,6.07082E-05,0,5.71371E-05,0.000417815,0.000149985,0,0.000157127,0
7031,0.260186948,0,0,0.000181715,0,0.000399773,0.000879501,0,0,0.001693585,0
7065,0.070929422,0,0,6.25225E-05,0,0.000105807,0.001630396,0,0,0.000149092,0
7120,0.166878487,0,0,9.49064E-05,0,0.000284719,0.000689103,0,0,0.001766085,0
7203,0.121618353,0,0,5.21041E-05,0,0.000472658,0.001094186,3.34955E-05,0,0.000945317,0
